<?xml version="1.0" encoding="UTF-8"?>
<Configuration version="1">
    <Feature className="gov.nasa.worldwindx.applications.worldwindow.core.ToolBarImpl"/>
    <Feature className="gov.nasa.worldwindx.applications.worldwindow.core.WWPanelImpl"/>
    <Feature className="gov.nasa.worldwindx.applications.worldwindow.features.swinglayermanager.ControlsPanelImpl"/>
    <Feature className="gov.nasa.worldwindx.applications.worldwindow.core.AppPanelImpl"/>
    <Feature className="gov.nasa.worldwindx.applications.worldwindow.features.NetworkActivitySignal"/>
    <Feature className="gov.nasa.worldwindx.applications.worldwindow.features.StatusPanelImpl"/>
    <Feature className="gov.nasa.worldwindx.applications.worldwindow.core.ExternalLinkController"/>
    <Feature className="gov.nasa.worldwindx.applications.worldwindow.core.IconController"/>
    <Feature className="gov.nasa.worldwindx.applications.worldwindow.core.ToolTipController"/>
    <Feature className="gov.nasa.worldwindx.applications.worldwindow.core.InfoPanelController"/>
    <!-- Features should and in some cases must be instantiated before the menus that refer to them -->
    <Feature className="gov.nasa.worldwindx.applications.worldwindow.features.ScaleBar"/>
    <Feature className="gov.nasa.worldwindx.applications.worldwindow.features.Compass"/>
    <Feature className="gov.nasa.worldwindx.applications.worldwindow.features.swinglayermanager.LayerManagerDialog"/>
<!--    <Feature className="gov.nasa.worldwindx.applications.worldwindow.features.CoordinatesDisplay"/>-->
    <Feature className="gov.nasa.worldwindx.applications.worldwindow.features.Crosshair"/>
    <Feature className="gov.nasa.worldwindx.applications.worldwindow.features.swinglayermanager.ActiveLayersPanel"/>
    <Feature className="gov.nasa.worldwindx.applications.worldwindow.features.swinglayermanager.LayerManagerPanel"/>
    <Feature className="gov.nasa.worldwindx.applications.worldwindow.features.WMSDialog"/>

    <Feature className="gov.nasa.worldwindx.applications.worldwindow.features.ImportedDataDialog"/>
    <Feature className="gov.nasa.worldwindx.applications.worldwindow.features.Navigation"/>
    <Feature className="gov.nasa.worldwindx.applications.worldwindow.features.Graticule"/>
    <Feature className="gov.nasa.worldwindx.applications.worldwindow.features.LatLonGraticule"/>
    <Feature className="gov.nasa.worldwindx.applications.worldwindow.features.UTMGraticule"/>

</Configuration>
